[
  {
    "id": 0,
    "name": "Vidrio",
    "picture": "images/vidrio.jpg",
    "agesss": 5,
    "breed": "Recuperacion del vidrio fragmentado.",
    "location": "0.0003 ETH por cada 5 kg"
  },
  {
    "id": 1,
    "name": "Plasticos",
    "picture": "images/plasticos.jpg",
    "age": 5,
    "breed": "Plastico limpio y seco.",
    "location": "0.005 ETH por cada 5 kg."
  },
  {
    "id": 2,
    "name": "Carton",
    "picture": "images/carton.jpg",
    "age": 10,
    "breed": "Carton seco y limpio.",
    "location": "0.008 ETH por cada 10 kg."
  },
  {
    "id": 3,
    "name": "Botellas Plasticas",
    "picture": "images/botellas.jpg",
    "age": 10,
    "breed": "Botellas no usadas con quimicos.",
    "location": "0.008 ETH por cada 10 kg"
  },
  {
    "id": 4,
    "name": "Cobre",
    "picture": "images/cobre.jpg",
    "age": 5,
    "breed": "Cobre sin el recubrimiento.",
    "location": "0.015 ETH por cada 5 kg."
  }
]