[
  {
    "id": 0,
    "name": "Vidrio",
    "picture": "images/vidrio.jpg",
    "agesss": 5,
    "breed": "Recuperacion del vidrio fragmentado.",
    "location": "0.0003 ETH por cada 5 kg"
  },
  {
    "id": 1,
    "name": "Vidrio",
    "picture": "images/vidrio.jpg",
    "age": 5,
    "breed": "Recuperacion del vidrio fragmentado.",
    "location": "0.0003 ETH por cada 5 kg"
  },
  {
    "id": 2,
    "name": "Botellas Plasticas",
    "picture": "images/botellas.jpg",
    "age": 2,
    "breed": "Botellas no usadas con quimicos.",
    "location": "0.006 ETH por cada 2 kg."
  },
  {
    "id": 3,
    "name": "Carton",
    "picture": "images/carton.jpg",
    "age": 10,
    "breed": "Carton seco y limpio.",
    "location": "0.008 ETH por cada 10 kg."
  },
  {
    "id": 4,
    "name": "Carton",
    "picture": "images/carton.jpg",
    "age": 10,
    "breed": "Carton seco y limpio.",
    "location": "0.008 ETH por cada 10 kg."
  },
  /*{
    "id": 5,
    "name": "Carton",
    "picture": "images/carton.jpg",
    "age": 10,
    "breed": "Carton seco y limpio.",
    "location": "0.008 ETH por cada 10 kg."
  },
  {
    "id": 6,
    "name": "Plasticos",
    "picture": "images/plasticos.jpg",
    "age": 5,
    "breed": "Prastico limpio y seco.",
    "location": "0.005 ETH por cada 5 kg."
  },
  {
    "id": 7,
    "name": "Plasticos",
    "picture": "images/plasticos.jpg",
    "age": 5,
    "breed": "Prastico limpio y seco.",
    "location": "0.005 ETH por cada 5 kg."
  },
  {
    "id": 8,
    "name": "Carton",
    "picture": "images/carton.jpg",
    "age": 10,
    "breed": "Carton seco y limpio.",
    "location": "0.008 ETH por cada 10 kg."
  },
  {
    "id": 9,
    "name": "Botellas Plasticas",
    "picture": "images/botellas.jpg",
    "age": 10,
    "breed": "Botellas no usadas con quimicos.",
    "location": "0.008 ETH por cada 10 kg"
  },
  {
    "id": 10,
    "name": "Botellas Plasticas",
    "picture": "images/botellas.jpg",
    "age": 10,
    "breed": "Botellas no usadas con quimicos.",
    "location": "0.008 ETH por cada 10 kg"
  },
  {
    "id": 11,
    "name": "Vidrio",
    "picture": "images/vidrio.jpg",
    "age": 5,
    "breed": "Recuperacion del vidrio fragmentado.",
    "location": "0.0003 ETH por cada 5 kg"
  },
  {
    "id": 12,
    "name": "Carton",
    "picture": "images/carton.jpg",
    "age": 10,
    "breed": "Carton seco y limpio.",
    "location": "0.008 ETH por cada 10 kg."
  },
  {
    "id": 13,
    "name": "Plasticos",
    "picture": "images/plasticos.jpg",
    "age": 5,
    "breed": "Prastico limpio y seco.",
    "location": "0.005 ETH por cada 5 kg."
  },
  {
    "id": 14,
    "name": "Plasticos",
    "picture": "images/plasticos.jpg",
    "age": 5,
    "breed": "Prastico limpio y seco.",
    "location": "0.005 ETH por cada 5 kg."
  },
  {
    "id": 15,
    "name": "Plasticos",
    "picture": "images/plasticos.jpg",
    "age": 5,
    "breed": "Prastico limpio y seco.",
    "location": "0.005 ETH por cada 5 kg."
  }
]
*/