[
    {
        "id": 0,
        "name": "Elon Musk",
        "pictures": "images/elon.jpg",
        "time": "1 minute ago"
    },
    {
        "id": 1,
        "name": "Mark",
        "pictures": "images/mark.jpeg",
        "time": "2 minute ago"
    },
    {
        "id": 2,
        "name": "Bill Gates",
        "pictures": "images/bill.jpg",
        "time": "6 minute ago"
    },
    {
        "id": 3,
        "name": "Belly Holberton",
        "pictures": "images/betty.jpg",
        "time": "10 minute ago"
    },
    {
        "id": 4,
        "name": "Aaron Swarts",
        "pictures": "images/Aaron.jpg",
        "time": "12 minute ago"
    }
]